월,게시일,경과일,최근7일,최근30일,최근90일,지역,브랜드,활동유형,제목,요약,URL,출처,검색어,블로그명,수집일시,신규수집,알콘,쿠퍼,바슈롬
2026-09,2026-09-23,5,1,1,1,미분류,알콘,프로모션,[다비치안경 장현현대병원옆점] 9월 알콘 콘택트렌즈 행사,소용량 1팩 리워드 평소 알콘 원데이 대용량 제품을 이용하셨다면 이번 기회를 활용해 보세요! 다비치안경 장현현대병원옆점 알콘 렌즈 구매 및 행사 혜택에 관한 자세한 내용은 매장에 문의해 주세요.,https://blog.naver.com/dvc3404/224418911523,naver_blog_api,알콘 렌즈 행사,다비치안경 장현현대병원옆점,2026-09-28T10:21:14+09:00,1,1,0,0
2026-09,2026-09-22,6,1,1,1,미분류,알콘,체험/증정,오늘의안경 신도림역점알콘 렌즈 ‘영끌특가’ 진행 중!,이번에는 많은 분들이 찾으시는 알콘(Alcon) 원데이 렌즈 토탈원 90P / 프리시전원 90P 행사를 준비했습니다. 단순 할인뿐만 아니라 30P 추가 증정 + 워터클럽 혜택 + 결제 할인까지 적용해 말...,https://blog.naver.com/oneuls_sdrs/224420038292,naver_blog_api,알콘 렌즈 행사,대한민국 안경렌즈 가격혁명! 오늘의 안경 신도림역점,2026-09-28T10:21:14+09:00,1,1,0,0
2026-09,2026-09-24,4,1,1,1,미분류,알콘,프로모션,하남 미사 안경원 추천 포근렌즈 9월 가격표 아큐브 알콘 파격 할인 ....,#하남미사안경원추천 #포근렌즈 #미사포근렌즈 #하남렌즈성지 #미사역렌즈 #원데이렌즈 #아큐브할인 #알콘프리시전원 #알콘토탈원 #쿠퍼비전클래리티 #바슈롬레이셀 #렌즈가격표 #하남안경점 #콘택트렌즈할인...,https://blog.naver.com/harvardtastelog/224422081722,naver_blog_api,알콘 프리시전원 안경원,하버드쩝쩝박사,2026-09-28T10:21:14+09:00,1,1,0,0
2026-09,2026-09-24,4,1,1,1,미분류,쿠퍼,프로모션,[익산/익산역안경] 익산역다바치 9월 쿠퍼비전 원데이렌즈 이벤트,다비치안경 #쿠퍼비전 #클래리티3+1 #콘택트렌즈추천 #렌즈이벤트 #인터로조3+1 #원데이렌즈 #한달렌즈 #난시렌즈 #눈건강 #익산다비치 #익산안경 #익산콘택트렌즈 #누진다초점 #변색렌즈 #블루라이트차단...,https://blog.naver.com/viopyk/224421809156,naver_blog_api,쿠퍼렌즈 이벤트,눈건강 시력지킴이 다비치안경익산역점입니다.,2026-09-28T10:21:14+09:00,1,0,1,0
2026-09,2026-09-24,4,1,1,1,미분류,쿠퍼,체험/증정,"[ 쿠퍼비젼 ] 가성비 원데이 렌즈 쿠퍼비젼 렌즈 할인 이벤트, 다비....",3+1 + 렌즈 15알 추가 증정 혜택을 받아보실 수 있습니다. 이 혜택은 쿠퍼비전 멤버십 회원 한해서 적용 가능한 이벤트입니다. 더 궁금하신 내용이 있으시다면 아래쪽으로 문의주시면 순차적으로 답변...,https://blog.naver.com/ygoo100/224421665302,naver_blog_api,쿠퍼렌즈 이벤트,다비치안경 답십리역점,2026-09-28T10:21:14+09:00,1,0,1,0
2026-09,2026-09-22,6,1,1,1,미분류,쿠퍼,프로모션,강릉렌즈 다비치 X 쿠퍼비전 9월 가을맞이 구매 혜택,"안녕하세요~ 다비치 강릉대학로/옥천오거리점입니다 :) 쿠퍼비전 9월 렌즈 혜택, 어떤 이벤트가 있을까요? 평소 클래리티를 사용하고 있거나 마이데이 멀티포컬을 알아보고 있었다면 구매 제품과 수량에...",https://blog.naver.com/bbc4398/224419911405,naver_blog_api,쿠퍼렌즈 이벤트,다비치안경 강릉대학로점 & 옥천오거리점,2026-09-28T10:21:14+09:00,1,0,1,0
2026-09,2026-09-22,6,1,1,1,부산,쿠퍼,프로모션,[부산괴정안경/콘택트렌즈] 쿠퍼비전 클래리티 9월 쿠폰 이벤트,★ 클래리티 원데이 근시(30P) 3+1 ★클래리티 원데이 난시(30P) 3+1 ★클래리티 원데이 근시(90P) 90+30 (180축만 가능) ★클래리티 원데이 난시(90P) 90+30 (180축만 가능) ※근.난시 교차 불가능,https://blog.naver.com/hwop0780/224401757323,naver_blog_api,쿠퍼렌즈 이벤트,괴정안경 다비치괴정점,2026-09-28T10:21:14+09:00,1,0,1,0
2026-09,2026-09-21,7,1,1,1,미분류,쿠퍼,체험/증정,성남렌즈 다비치 X 쿠퍼비전 9월 가을맞이 구매 혜택,"안녕하세요 ^^ 다비치안경 성남중동점입니다 9월에 콘택트렌즈 구매를 계획하고 있다면 쿠퍼비전 이벤트를 확인해 보세요. 이번에는 클래리티 구매 증정부터 다비치안경 단독 올리브영 상품권, 마이데이...",https://blog.naver.com/hans1092/224418776505,naver_blog_api,쿠퍼렌즈 이벤트,다비치 안경 성남 중동점,2026-09-28T10:21:14+09:00,1,0,1,0
2026-09,2026-09-23,5,1,1,1,미분류,쿠퍼,프로모션,춘천렌즈 다비치 X 쿠퍼비전 9월 가을맞이 구매 혜택,"안녕하세요^^ 다비치안경 춘천점 입니다~ 계절이 바뀌는 9월, 콘택트렌즈 구매를 계획하고 계신가요? 이번 달 다비치안경에서는 쿠퍼비전 제품을 대상으로 여러 가지 프로모션을 함께 만나볼 수 있습니다....",https://blog.naver.com/davich4999/224420904386,naver_blog_api,쿠퍼렌즈 프로모션,다비치안경 춘천/ 퇴계석사점,2026-09-28T10:21:14+09:00,1,0,1,0
2026-09,2026-09-21,7,1,1,1,미분류,쿠퍼,프로모션,9월 한정! 쿠퍼비전 콘택트렌즈 특별 혜택올리브영 상품권부터 렌즈....,"이번 9월, 다비치안경 포항중앙점에서 쿠퍼비전 콘택트렌즈 특별 프로모션이 진행됩니다! 평소 쿠퍼비전 원데이 렌즈를 사용하고 계셨거나 새로운 렌즈를 알아보고 계셨다면 이번 혜택을 놓치지 마세요!...",https://blog.naver.com/vtcenter/224418932931,naver_blog_api,쿠퍼렌즈 프로모션,포항시내 다비치 안경원,2026-09-28T10:21:14+09:00,1,0,1,0
2026-09,2026-09-26,2,1,1,1,부산,바슈롬,체험/증정,해운대안경][해운대으뜸안경][장산역안경][장산역으뜸안경][해운대....,"할인 이벤트 장산 으뜸플러스 안경에서 준비한 풍성한 가을 할인, 지금 만나보세요! 바슈롬... 바슈롬 울트라 원데이 - 90P 구매 시 40P(1팩) 추가 증정! 더 선명한 시야, 더 편안한 착용감을 찾으신다면...",https://blog.naver.com/jsy7015197/224423182826,naver_blog_api,바슈롬 울트라 이벤트,으뜸플러스안경 부산해운대점,2026-09-28T10:21:14+09:00,1,0,0,1
2026-09,2026-09-22,6,1,1,1,미분류,바슈롬,프로모션,[동탄안경] 다비치마켓 바슈롬 하드렌즈 관리용액 보스톤입점!,제품이나 행사를 통해 구매하고자 하는 제품을 저렴하게 구매할 수 있습니다 이번에 다비치마켓에는 하드렌즈 용액이 새로 입점되었다고 해서 소개해 드리려고 합니다! 바슈롬 하드렌즈 용액 종류 많이...,https://blog.naver.com/davi5751/224420171306,naver_blog_api,바슈롬 렌즈 행사,다비치안경 동탄점,2026-09-28T10:21:14+09:00,1,0,0,1
